REPUBBLICA	mai	mai	?	?	sembra che che i	mai-mai	abbiano rifiutato di obbedire agli ordini dei capi militari dei ribelli .
REPUBBLICA	mai	mai	?	?	alla fine della guerra i	mai-mai	si resero conto , come ora i banyamulenge , che kabila non aveva nessuna intenzione di conceder loro l' autonomia
REPUBBLICA	mai	mai	?	?	qui si nascondono anche i guerriglieri ugandesi , alcuni ribelli del sud-sudan e qui vive la tribù guerriera dei	mai-mai	.
REPUBBLICA	mai	mai	?	?	a dar man forte al governo , sono scesi in guerra anche i	mai-mai	, le milizie tribali cui aveva fatto appello kabila prima ancora di fuggire a lumumbashi .
REPUBBLICA	mai	mai	?	?	niente si sa sugli scontri in corso nella parte orientale del paese fra le milizie tribali dei	mai-mai	e i tutsi .
REPUBBLICA	mai	più	?	?	basta appostar- si per un pomeriggio in una di quelle edicole dove si passa un giorno-e -	mai-più	, per vedere la novità .
WIKICONLL	mai	tat	?	?	) ; tamex , the false metal ( " tamex , il falso metallo " , dai nani ) ;	mai-tat	, she of many faces ( " mai-tat , la lei dalle molte facce " dai popoli di ergoth )
WIKICONLL	mai	tat	?	?	" tamex , il falso metallo " , dai nani ) ; mai-tat , she of many faces ( "	mai-tat	, la lei dalle molte facce " dai popoli di ergoth ) ; queen of many colors and none (
WIKICONLL	mai	mai	?	?	pao-yu tang , la figlia più giovane dell' ex primo ministro cinese tang shaoyi e cugina della pittrice ed attrice	mai-mai	sze .
WIKICONLL	mai	mai	?	?	bourke " ( un finto antroponimo assonante con altre denominazioni ) , e " the never-never " ( " il	mai-mai	" ) .
WIKICONLL	mai	mai	?	?		mai-mai	.
WIKICONLL	mai	mai	?	?	il termine	mai-mai	o mayi-mayi si riferisce a qualsiasi tipo di milizia popolare attivo nella seconda guerra del congo e postumi all' interno
ITWAC	mai	pensiero	?	?	il	mai-pensiero	non è comunque stato sconfitto : tende sempre a risorgere in altre forme e sedi : dall' organizzazione mondiale del
ITWAC	mai	tai	?	?	totale compresa la coca cola , o anche un	mai-tai	a 13 cl .
ITWAC	mai	ali	?	?	nello specifico ci riferiamo a "	mai-ali	" , " rotta 6 " , " quattro punk " e " genesi " , il lotto di brani
ITWAC	mai	ali	?	?		mai-ali	6 .
ITWAC	mai	tai	?	?	c' è il mohito , preparato seguendo scrupolosamente la ricetta originale cubana , c' è il	mai-tai	polinesiano , c' è il golden cadillac , a base di galliano , un liquore italiano che ormai nessuno usa
ITWAC	mai	nato	?	?	nemici , chi odia i felici , chi blocca la pace , chi mangia menzogne , chi suona zampogne al	mai-nato	, è l' eterno zitello , il cocco di mamma , chi manca d' agganci , di porti e di
ITWAC	mai	fermo	?	?	avrà contribuito lo stesso nome romeo , cioè il pellegrino che si reca a roma , il viandante , il	mai-fermo	, il vagabondo .
ITWAC	mai	fermo	?	?	sdegnato per la sfiducia sottesa alla richiesta di rendiconto , tornò ad essere quello che era sempre stato , il	mai-fermo	, il pellegrino povero , il viandante solitario .
