REPUBBLICA	momento	clou	?	?	c' è , nel campionato , una forte componente emozionale : seguendo- la , si può tranquillamente dire che il	momento-clou	, accentuato dalla diretta radiofonica , è stato il 24 febbraio .
REPUBBLICA	momento	cardine	?	?	con l' occhio della formica è una tempera di questo	momento-cardine	dell' attività di scialoja , qui esposta e nella quale il pittore giunge a toccare un territorio non più in
REPUBBLICA	momento	tilt	?	?	la corona mondiale a kasparov , è stato caratterizzato dall' immediata vittoria del giovane sfidante che conobbe però un altro	momento-tilt	durante la quarta e quinta partita .
REPUBBLICA	momento	sera	?	?	faceva il giornalista al giornale della sera e al	momento-sera	, dove curava la terza pagina .
REPUBBLICA	momento	chiave	?	?	è segreto una " cerimonia del tè " con il presidente della " akademia nauk " è da secoli il	momento-chiave	della piccola campagna elettorale .
REPUBBLICA	momento	clou	?	?	altro	momento-clou	è la settimana dal 15 al 22 imperniata completamente sulle sue opere cinematografiche : saranno riproposti 16 suoi film tra
REPUBBLICA	momento	no	?	?	e con il suo vice polato : tre ore di colloquio , aperto e a tratti anche vivace , il	momento-no	del verona ( 7 punti in nove domeniche ) è stato sezionato senza riserve .
REPUBBLICA	momento	no	?	?	, in soli tre set : 6 - 4 , 6 - 3 , 6 - 2 , confermando il	momento-no	già evidenziato nel torneo di sidney , la settimana scorsa , quando fu eliminato da un altro svedese : peter
REPUBBLICA	momento	chiave	?	?	prudenza , raccomandano da piazza del gesù nel	momento-chiave	della crisi di governo .
REPUBBLICA	momento	chiave	?	?	eppure , in quello che anche lei definisce il	momento-chiave	della sua carriera , un anno vissuto pericolosamente di peter weir con mel gibson , il suo era un ruolo
REPUBBLICA	momento	clou	?	?	e altre amenità si consuma il pellegrinaggio e sopralluogo tecnologico con grande colazione finale al cantiere di porto marghera ,	momento-clou	della vigilia .
REPUBBLICA	momento	clou	?	?	è l' ora di sviscerare la questione scottante del debito , il	momento-clou	dell' italia .
REPUBBLICA	momento	clou	?	?	il	momento-clou	della conferenza stampa del presidente dell' ente petrolifero si verifica intorno alle ore 13 .
REPUBBLICA	momento	no	?	?	all' origine della crisi , il	momento-no	di un fuori classe pagato oltre venti miliardi .
REPUBBLICA	momento	no	?	?	per i bancari continua il "	momento-no	" .
REPUBBLICA	momento	no	?	?	di canio espulso -- continua il	momento-no	di paolo di canio : dopo aver perso il posto in squadra , è stato espulso per proteste nell' amichevole
REPUBBLICA	momento	sì	?	?	il	momento-sì	di milan e lazio ha la loro impronta sono i due ragazzi della via gol .
REPUBBLICA	momento	sì	?	?	il	momento-sì	di milan e lazio ha la loro impronta sono i due ragazzi della via gol .
REPUBBLICA	momento	chiave	?	?	, rappresenta la seconda e più ampia tappa dell' intesa sul costo del lavoro , che ha avuto il suo	momento-chiave	nell' accordo di fine luglio sul blocco delle indicizzazioni delle retribuzioni e sulla sospensione della contrattazione aziendale integrativa .
REPUBBLICA	momento	verità	?	?	una gara contro il tempo è comunque un	momento-verità	.
REPUBBLICA	momento	chiave	?	?	a queste macerie , i pm tornano a inquadrare -- siamo in piena fase tre -- quello che ritengono il	momento-chiave	della storia enimont e cioè il " sequestro temporaneo " delle azioni che , come raccontò l' ex presidente della
REPUBBLICA	momento	chiave	?	?	quello con suharto è stato il	momento-chiave	del viaggio .
REPUBBLICA	momento	no	?	?	" rivediamo panucci , il suo	momento-no	va superato giocando .
REPUBBLICA	momento	clou	?	?	è il	momento-clou	del grande spettacolo offerto dalla ditta montecitorio-rai .
REPUBBLICA	momento	clou	?	?	il	momento-clou	arriva al caffè fra il primo e il secondo tempo : tutti sperano in una chiacchiera , in un sorriso
REPUBBLICA	momento	clou	?	?	altro	momento-clou	la prima volta di sonny rollins a umbria jazz : giovedì 18 ai giardini del frontone .
REPUBBLICA	momento	grilletto	?	?	ecco il "	momento-grilletto	" che sparerà il colpo separatista : " la svalutazione è finita , gli imprenditori faticano a esportare " (
REPUBBLICA	momento	clou	?	?	insomma , il giro arriva al	momento-clou	ed è il fuggi-fuggi generale .
REPUBBLICA	momento	chiave	?	?	della nevada athletic commission , composta da cinque membri , sarà resa nota in un' udienza che rappresenterà un altro	momento-chiave	nella controversa carriera dell' ex campione dei pesi massimi .
REPUBBLICA	momento	karaoke	?	?	c' è perfino un	momento-karaoke	, che cambia in ogni nazione , e che per l' italia avrà certamente una sorpresa tutta per noi .
REPUBBLICA	momento	clou	?	?	ma il	momento-clou	della serata della niaf è sempre l' arrivo del presidente : per gli italo-americani è la conferma che la "
REPUBBLICA	momento	chiave	?	?	e grazie a questo dovrebbe riuscire a superare l' attuale	momento-chiave	del paese : il processo al refah .
REPUBBLICA	momento	simbolo	?	?	ma questo sciopero si sta trasformando in un	momento-simbolo	per i diritti sindacali , a causa dello scontro con la commissione di garanzia di gino giugni , che ha
REPUBBLICA	momento	no	?	?	assente anche oliveira , la squadra viola ha confermato il	momento-no	.
REPUBBLICA	momento	sì	?	?	lascia intendere che il	momento-sì	, con il via libera di confindustria e sindacati alla proposta di rilancio della concertazione , forse è dettato dalla
REPUBBLICA	momento	clou	?	?	adesso aspettano seduti il	momento-clou	, sembrano avere una moderna preparazione atletica : quando entrano in azione , sono belli da vedere e scattanti .
REPUBBLICA	momento	chiave	?	?	dall' altra parte , con una roma che capello ha costruito più attenta in difesa , le punizioni diventano un	momento-chiave	per sbloccare la partita .
WIKICONLL	momento	sera	?	?	catalogo della mostra , galerie toni brechbuhl , grenchen 1971 lorenza trucchi , " incisori visionari " , in «	momento-sera	» , roma , 27-28 ottobre .
WIKICONLL	momento	chiave	?	?	fine dell' età repubblicana di roma avrebbe ricostruito ( dal punto di vista degli " umili " ) un altro	momento-chiave	della storia degli italiani .
ITWAC	momento	chiave	?	?	vita cittadina si riscontrano nel successivo volume del 1986 , nel quale il candidato ha messo a fuoco un altro	momento-chiave	della storia amministrativa milanese e del « socialismo municipale » ( da lui esaminato anche in altri interventi dedicati a
ITWAC	momento	relax	?	?	inviato : mer nov 12 , 2003 8:28 pm oggetto : con un' ottima scelta di tempo , propongo un	momento-relax	.
ITWAC	momento	attimo	?	?	durante questo breve tempo che immaginiamo coincidere con il	momento-attimo	del risveglio , un tempo nullo ancor più se a svegliarsi è un bambino in parte assonnato e con la
ITWAC	momento	no	?	?	sembrano essere caduti e il canestro del napoletano cittadini , dopo un triplo rimbalzo offensivo , è l' emblema del	momento-no	della scavolini che va a riposo con 11 punti sul groppone .
ITWAC	momento	concerto	?	?	qualcosa del genere può essere fatto sul	momento-concerto	.
ITWAC	momento	pompiere	Job or Career	?	finito il	momento-pompiere	, inizia il momento piromane : stendiamo i bustocchi !
ITWAC	momento	tempo	Entity	?	ed effettivamente giosuè prepara il popolo a questo avvenimento che ha dimensioni spazio-temporali [ 11 ] , perché segna il	momento-tempo	dell' ingresso in quello spazio in cui il popolo si troverà dopo che ha varcato questa frontiera ( gs 1,10
ITWAC	momento	chiave	?	?	di una persona , insomma , ben prima che di un partito o di un programma , che diventa il	momento-chiave	della competizione elettorale ed assume il ruolo sintetico , e rappresentativo , svolto un tempo dai partiti di massa .
ITWAC	momento	cardine	?	?	ampio libro su antoniazzo e gli antoniazzeschi e la compartecipazione ( distinta ) al palazzo di domenico della rovere ,	momento-cardine	dell' intera vicenda romana di quel momento storico .
ITWAC	momento	farsa	?	?	gustave flaubert bouvard et pécuchet , che secondo l' interpretazione data dallo studioso e filosofo roland barthes : è un	momento-farsa	nel quadro del sapere universale , che sceglie di stare in bilico tra serioso e faceto .
ITWAC	momento	sera	?	?	televisivo in grado di presentare i temi più difficili con un tono e un linguaggio pacato , soprattutto comprensibile "	momento-sera	" mediamente guida alla tecnologia " francesca maria bersani anna " massarini , cyber conduttore ...
ITWAC	momento	aspetto	?	?	dipendenza che connotano il sistema di relazioni antropologiche entro cui , esistenzialmente , risulta collocato ; - necessità che ogni	momento-aspetto	dei processo didattico-educativo si venga , in definitiva , a riconoscere in quanto « formazione alla responsabilità » ed in
ITWAC	momento	simbolo	?	?	giorgio otranto infatti , il 26 aprile scorso , ha illustrato al numeroso pubblico riunito nella libreria sansoviniana il "	momento-simbolo	dell' irruzione del cristianesimo sulla scena del mondo " .
ITWAC	momento	no	?	?	è decisamente un	momento-no	.
ITWAC	momento	farsa	?	?	nel mezzo di questa vicenda c' è un momento flaubert , un momento " bouvard et pécuchet " , un	momento-farsa	.
ITWAC	momento	no	?	?	volevo solo farle gli auguri non solo per il suo 23 esimo compleanno , ma che passi prestissimo il suo	momento-no	, e ritorni ad essere felice .
ITWAC	momento	banca	?	?	servirà tutto ciò a rendere il	momento-banca	più piacevole per i correntisti ?
ITWAC	momento	chiave	?	?	il quadro alla corte di parma è il	momento-chiave	dell' opera anche dal punto di vista musicale : nell'  azione principale ' figurano momenti puramente orchestrali ( come
ITWAC	momento	chiave	?	?	platea i leader degli otto partiti dell' ulivo di sebastiano messina da repubblica - 17 ottobre 2000 roma - il	momento-chiave	arriverà alla fine dell' intervento di giuliano amato , quando il presidente del consiglio - solo , sul grande palcoscenico
ITWAC	momento	no	?	?	il	momento-no	della formazione salentina si potrebbe spiegare , oltre che con un calendario difficile ( udinese e inter fra gli avversari
ITWAC	momento	movimento	?	?	così ho spiccato un volo , in un	momento-movimento	di sognante libertà .
ITWAC	momento	chiave	?	?	progetto ambizioso dalle parti di bea , invece , come detto in partenza , il mese in corso rappresenterà un	momento-chiave	per la sua strategia rivolta alle soa .
ITWAC	momento	no	?	?	continua il	momento-no	del palermo , fermato in casa dal parma .
ITWAC	momento	chiave	?	?	tremila i grandi elettori , in platea i leader degli otto partiti dell' ulivo di sebastiano messina roma - il	momento-chiave	arriverà alla fine dell' intervento di giuliano amato , quando il presidente del consiglio - solo , sul grande palcoscenico
ITWAC	momento	mensa	?	?	tempi e modalità del servizio più adeguati alle esigenze degli alunni coinvolgere gli alunni nell' organizzazione e nella gestione del	momento-mensa	( ricerca di regole condivise ) favorire una corretta alimentazione rendere gli utenti ( adulti e bambini ) consapevoli dell'
ITWAC	momento	no	?	?	noie anche per djordjevic - il messaggero - società e squadra sono sereni e il clima appare buono nonostante il	momento-no	.
ITWAC	momento	chiave	?	?	così da far zoppicare in un	momento-chiave	non soltanto per la politica , ma anche per l' organizzazione generale e per il funzionamento , l' azienda .
ITWAC	momento	chiave	?	?	america latina maradiaga : « il futuro è possibile » « il centroamerica sta vivendo un	momento-chiave	.
ITWAC	momento	chiave	?	?	il	momento-chiave	è la nascita della rivista " cartaigienica " , " spazio di espressione creativa per autori , disegnatori , grafici
ITWAC	momento	no	?	?	pallacanestro varese ; il menego è reduce da una forte influenza e quindi è quello con le maggiori attenuanti nel	momento-no	della skipper .
ITWAC	momento	no	?	?	tutto il lavoro e le ambizioni sciupate in una partita , quella con l' australia , anche per il	momento-no	di qualche giocatore , come meneghin .
ITWAC	momento	no	?	?	oggetto del dibattito il	momento-no	che sta attraversando il bel paese .
ITWAC	momento	spettacolo	Event	?	infine , concludono la giornata la baby dance per i bambini ed il	momento-spettacolo	.
ITWAC	momento	top	?	?	vinum vuole rappresentare il	momento-top	di questa proposta con un programma di eventi pensati per dare al turista del vino qualcosa di unico e irripetibile
ITWAC	momento	chiave	?	?	la valutazione del giudice è il	momento-chiave	dell' interpretazione della legge , il momento in cui la previsione astratta della norma si confronta con la realtà del
ITWAC	momento	chiave	?	?	romano d' oriente , se da una parte furono avvenimenti drammatici che sconvolsero l' europa , dall' altra segnarono un	momento-chiave	dello sviluppo della russia , perché la condussero ad una autodefinizione come stato successore dell' impero bizantino a livello culturale
ITWAC	momento	verità	?	?	il	momento-verità	scatta poco dopo le sei di sera nell' atrio di palazzo grazioli .
ITWAC	momento	no	?	?	il continuo cambiamento della rosa in fase di mercato e i pesanti infortuni , sono i principali imputati per il	momento-no	della societa' laziale .
ITWAC	momento	vigilia	?	?	papini aveva scritto che michelstaedter " s' è ucciso perché ha voluto affermare e possedere , nello stesso	momento-vigilia	della morte , il meglio della sua vita ...
ITWAC	momento	pasto	?	?	un momento di incontro e di scambio ai molti genitori che hanno riconosciuto la valenza nutrizionale ed educativa del "	momento-pasto	" a scuola .
ITWAC	momento	mensa	?	?	l' estromissione del tempo mensa dalle attività educative e didattiche fa del	momento-mensa	un mero servizio e non più un momento educativo e di condivisione .
ITWAC	momento	teenager	?	?	e' un libro solare , credo , che evidenzia sorridendo tanti piccoli problemi del "	momento-teenager	" .
