REPUBBLICA	precedentemente	consiglio	?	?	DET ADV NOUN	la prima seduta della sezione disciplinare , che ha ereditato	dal precedentemente consiglio	parecchi casi scottanti , è fissata per venerdì 4 aprile .
REPUBBLICA	precedentemente	contratto	documento	?	DET ADJ ADV NOUN	si trattava di mie disponibilità finanziarie personali date in pagamento per	un debito precedentemente contratto	" .
WIKICONLL	precedentemente	proposta	Event	?	DET ADV NOUN	il cambiamento fu influenzato anche dall' impossibilità della ps2 di supportare	la precedentemente proposta	grafica 3d .
ITWAC	precedentemente	citata	?	?	DET ADV NOUN	proroga della partecipazione italiana a missioni internazionali , che riguarda esclusivamente l' impegno del nostro paese in iraq , stralciato	dalla precedentemente citata	normativa .
ITWAC	precedentemente	citata	?	?	DET ADV NOUN	proroga della partecipazione italiana a missioni internazionali , che riguarda esclusivamente l' impegno del nostro paese in iraq , stralciato	dalla precedentemente citata	normativa .
ITWAC	precedentemente	classificazione	?	?	DET ADV NOUN	regione sardegna e' anch' essa contraria a questo tipo di riforma e che si sta battendo perche' l' isola rimanga	nella precedentemente classificazione	( aree arretrate ) .
ITWAC	precedentemente	amati	?	?	DET ADV NOUN	i " signori della guerra " , eroi della resistenza all' unione sovietica , cui consegnare il paese al posto	dei precedentemente amati	talebani ; ma che interlocutore hanno in iraq ?
ITWAC	precedentemente	articolo	?	?	DET ADV NOUN	modalità previste dal relativo regolamento ; provvedere all' approvazione ed esecuzione dei progetti di opere pubbliche nei limiti di cui	al precedentemente articolo	15 , punto 6 , semprechè esistano concreti mezzi di finanziamento ; affidare , nei limiti di cui alla precedente lettera
ITWAC	precedentemente	citata	?	?	DET ADV NOUN	ciò avverrà con l' impiego di esche veramente performanti e di facile reperibilità , come	la precedentemente citata	sarda , nonché l' ancor più gustosa alice .
ITWAC	precedentemente	cantata	?	?	DET ADV NOUN	seguire le tonalità della base e a non steccare ed è strano perché la canzone è molto più difficile rispetto	alla precedentemente cantata	.
ITWAC	precedentemente	articolo	?	?	DET ADV NOUN	modalità previste dal relativo regolamento ; provvedere all' approvazione ed esecuzione dei progetti di opere pubbliche nei limiti di cui	al precedentemente articolo	15 , punto 6 , semprechè esistano concreti mezzi di finanziamento ; affidare , nei limiti di cui alla precedente lettera
